Country,Happiness.Rank,Happiness.Score,Whisker.high,Whisker.low,Economy..GDP.per.Capita.,Family,Health..Life.Expectancy.,Freedom,Generosity,Trust..Government.Corruption.,Dystopia.Residual
United States,14,6.993000031,7.074656748,6.911343313,1.075852,1.419920564,0.774286628,0.505740523,0.392578781,0.135638788,2.218113422
Qatar,35,6.375,6.568476814,6.181523186,1.870765686,1.27429688,0.710098088,0.525549,0.33047387,0.439299256,1.14546442
Latvia,54,5.849999905,5.920263538,5.779736271,0.897059,1.404714942,0.638566971,0.325707912,0.153074786,0.073842727,1.993655205
Albania,109,4.644000053,4.752464006,4.5355361,0.996192753,0.803685248,0.731159747,0.410127,0.201312944,0.039864216,1.490441561
Ghana,131,4.119999886,4.222707209,4.017292563,0.993707,0.873664737,0.295637727,0.423026294,0.256923944,0.02533637,1.577867508
Tanzania,153,3.348999977,3.461429755,3.236570199,0.511135876,1.041989803,0.364509284,0.346111,0.354256362,0.066035107,0.621130466